Designator,Quantity,Value,Footprint,Package,MPN,DNP,Mount_Type,Manufacturer,Manufacturer Product Number,KiLib_Generator,Description,Sim.Pin,Height,PN,PROD_ID, Part Number,MANUFACTURER_NAME,MF,MOUSER_PRICE-STOCK,DESCRIPTION,MOUSER_PART_NUMBER,Price,Check_prices,HEIGHT,SnapEDA_Link,MP,Description_1,Availability,MANUFACTURER_PART_NUMBER,MAXIMUM_PACKAGE_HEIGHT,STANDARD,PARTREV,Purchase-URL,MANUFACTURER,Aliexpress,Model,TCXO-Footprints
"C1, C10, C11, C15, C3, C30",6,1u,C_0603_1608Metric,,,,smt,YAGEO,CC0603JRX7R6BB105,,,,,,,,,,,,,,,,,,,,,,,,,,,,
"C12, C13, C14, C4, C7, C8, C9",7,100n,C_0603_1608Metric,,,,smt,Vishay Vitramon,VJ0603Y104JXQPW1BC,,,,,,,,,,,,,,,,,,,,,,,,,,,,
"C17, C19, C28, C31",4,100p,C_0603_1608Metric,,,,smt,KEMET,C0603C101J8GACTU,,,,,,,,,,,,,,,,,,,,,,,,,,,,
C18,1,10n,C_0603_1608Metric,,,,smt,KEMET,C0603C103K8RACTU,,,,,,,,,,,,,,,,,,,,,,,,,,,,
"C2, C5",2,22u,C_0805_2012Metric,,1276-3148-1-ND,,smt,Samsung Electro-Mechanics,CL31B226MPHNNNE,SMD_2terminal_chip_molded,,,,,,,,,,,,,,,,,,,,,,,,,,,
C6,1,10p,C_0603_1608Metric,,,,smt,KEMET,C0603C100J8GACTU,,,,,,,,,,,,,,,,,,,,,,,,,,,,
D1,1,Red,LED_0603_1608Metric_Pad1.05x0.95mm_HandSolder,,160-1479-1-ND,,smt,Lite-On Inc.,LTST-S270KRKT,,"Light emitting diode, small symbol",1=K 2=A,,,,,,,,,,,,,,,,,,,,,,,,,
"D4, D5, D6",3,Yellow,LED_0603_1608Metric_Pad1.05x0.95mm_HandSolder,,160-1437-1-ND,,smt,Lite-On Inc.,LTST-C190KSKT,,"Light emitting diode, small symbol",1=K 2=A,,,,,,,,,,,,,,,,,,,,,,,,,
D7,1,White,LED_0603_1608Metric_Pad1.05x0.95mm_HandSolder,,160-LTST-T180UWETCT-ND,,smt,Lite-On Inc.,LTST-T180UWET,,"Light emitting diode, small symbol",1=K 2=A,,,,,,,,,,,,,,,,,,,,,,,,,
IC1,1,SX1255,QFN50P500X500X80-33N-D,,SX1255IWLTRT,,smt,Semtech Corporation,SX1255IWLTRT,,,,0.8,947-SX1255IWLTRT,,,,,,,,,,,,,,,,,,,,,,,
"J1, J2",2,U.FL,U.FL,,343-CONMHF1-SMD-G-TCT-ND,,smt,TE Connectivity Linx,CONMHF1-SMD-G-T,,,,,,CONN-09193,,,,,,,,,,,,,,,,,,,,,,
L1,1,600 ohm/100MHz,L_0805_2012Metric,,490-1046-1-ND,,smt,Murata Electronics,BLM21BD601SN1D,,FERRITE BEAD 600 OHM 0805 1LN,,,,,,,,,,,,,,,,,,,,,,,,,,
L2,1,82n,L_0603_1608Metric,,,,smt,Johanson Technology Inc.,LRC0603CJ82NGV001T,,,,,,,,,,,,,,,,,,,,,,,,,,,,
L3,1,39n,L_0603_1608Metric,,,,smt,Johanson Technology Inc.,LRC0603CJ39NGV001T,,,,,,,,,,,,,,,,,,,,,,,,,,,,
L4,1,68nH,L_0603_1608Metric,,,,smt,Johanson Technology Inc.,LRC0603CJ68NGV001T,,,,,,,712-LRC0603CJ68NGV001TCT-ND,,,,,,,,,,,,,,,,,,,,,
Q1,1,BSS84,SOT-23,,3372-BSS84TR-ND,,smt,MDD,BSS84,,,,,,,,,,,,,,,,,,,,,,,,,,,,
"R1, R25",2,10K,R_0603_1608Metric,,,,smt,Vishay Dale,CRCW060310K0FKEA,,,,,,,,,,,,,,,,,,,,,,,,,,,,
R10,1,1K,R_0603_1608Metric,,,,smt,Vishay Dale,CRCW06031K00FKEA,,,,,,,,,,,,,,,,,,,,,,,,,,,,
"R11, R13, R26, R27",4,1M,R_0603_1608Metric,,,,smt,Vishay Dale,CRCW06031M00FKEA,,,,,,,,,,,,,,,,,,,,,,,,,,,,
"R12, R17, R18, R19, R21, R23, R24, R30, R5, R6, R8",11,330R,R_0603_1608Metric,,,,smt,Vishay Dale,CRCW0603330RFKEA,,,,,,,,,,,,,,,,,,,,,,,,,,,,
"R14, R16, R20, R22, R28",5,33R,R_0603_1608Metric,,,,smt,Vishay Dale,CRCW060333R0FKEA,,,,,,,,,,,,,,,,,,,,,,,,,,,,
"R15, R38, R39, R9",4,3K3,R_0603_1608Metric,,,,smt,Vishay Dale,CRCW06033K30FKEA,,,,,,,,,,,,,,,,,,,,,,,,,,,,
"R2, R7",2,0R,R_0603_1608Metric,,,,smt,Vishay Dale,CRCW06030000Z0EA,,,,,,,,,,,,,,,,,,,,,,,,,,,,
"R3, R31, R4",3,1R,R_0603_1608Metric,,,,smt,Vishay Dale,CRCW06031R00FKEA,,,,,,,,,,,,,,,,,,,,,,,,,,,,
"R33, R36, R37",3,1K5,R_0603_1608Metric,,,,smt,Vishay Dale,CRCW06031K50JNEA,,,,,,,,,,,,,,,,,,,,,,,,,,,,
U1,1,MCP1703Ax-330xxDB,SOT-223-3_TabPin2,,MCP1703T-3302E/DBCT-ND,,smt,Microchip Technology,MCP1703T-3302E/DB,,,,,,,,,,,,,,,,,,,,,,,,,,,,
U2,1,24LC256,SOIC-8_3.9x4.9mm_P1.27mm,,24LC256-I/SN-ND,,smt,Microchip Technology,24LC256-I/SN,,,,,,,,,,,,,,,,,,,,,,,,,,,,
U3,1,74LVC1G74DP_125,SOP65P400X110-8N,TSSOP8-8 Nexperia USA Inc.,1727-5983-1-ND,,smt,Nexperia USA Inc.,"74LVC1G74DP,125",,,,,,,,Nexperia,NXP USA Inc.,https://www.mouser.co.uk/ProductDetail/Nexperia/74LVC1G74DP125?qs=me8TqzrmIYWtKZiCsFqsMg%3D%3D,74LVC1G74 - Single D-type flip-flop with set and reset; positive edge trigger@en-us,771-LVC1GDP125,None,"https://www.snapeda.com/parts/74LVC1G74DP,125/NXP+Semiconductors/view-part/?ref=eda",1.1mm,"https://www.snapeda.com/parts/74LVC1G74DP,125/NXP+Semiconductors/view-part/?ref=snap","74LVC1G74DP,125","Flip Flop 1 Element D-Type 1 Bit Positive Edge 8-TSSOP, 8-MSOP (0.118, 3.00mm Width)",In Stock,"74LVC1G74DP,125",,,,,,,,
U4,1,TQP3M9036,SON50P200X200X95-9N,DFN-8 Qorvo,2312-TQP3M9036CT-ND,,smt,Qorvo,TQP3M9036,,,,,,,,,Qorvo,,,,None,https://www.snapeda.com/parts/TQP3M9036/Qorvo/view-part/?ref=eda,,https://www.snapeda.com/parts/TQP3M9036/Qorvo/view-part/?ref=snap,TQP3M9036,RF Amp Chip Single GP 2GHz 5.25V 8-Pin DFN EP T/R,In Stock,,0.95mm,IPC-7351B,N/A,https://www.snapeda.com/api/url_track_click_mouser/?unipart_id=1240987&manufacturer=Qorvo&part_name=TQP3M9036&search_term=None,Qorvo,,,
X1,1,TA0655A,Filter_SAW-6_3.8x3.8mm,,,,smt,,,,"Bandpass Filter, 430MHz, BW-4MHz",,,,,,,,,,,,,,,,,,,,,,,,https://www.aliexpress.com/item/1005011831789075.html?pdp_ext_f=%7B%22sku_id%22%3A%2212000056730460079%22%7D&sourceType=1&spm=a2g0o.wish-manage-home.0.0,,
X2,1,TA2490A,Filter_SAW_Epcos_DCC6C_3x3mm,,,,smt,,,,"Bandpass Filter, 440MHz, BW-2MHz",,,,,,,,,,,,,,,,,,,,,,,,https://www.aliexpress.com/item/1005011831747244.html?pdp_ext_f=%7B%22sku_id%22%3A%2212000056722939672%22%7D&sourceType=1&spm=a2g0o.wish-manage-home.0.0,,
Y1,1,38.4MHz,Crystal_SMD_3225-4Pin_3.2x2.5mm,,114-TG2520SMN38.4000M-MCGNNM3CT-ND,,smt,EPSON ,TG2520SMN 38.4000M-MCGNNM3,,Clipped SW/0.5~1ppm,,,,,,,,,,,,,,,,,,,,,,,,,KDS-DSB321SDN or other brands,3225 or 2510
