pos_x,pos_y,rotation,side,designator,mpn,pack,footprint,value,mount_type
110.0,-78.5,0.0,top,C1,,,C_0603_1608Metric,1u,smt
141.225,-104.0,0.0,top,C10,,,C_0603_1608Metric,1u,smt
128.5,-94.175,90.0,top,C11,,,C_0603_1608Metric,1u,smt
125.5,-79.25,0.0,top,C12,,,C_0603_1608Metric,100n,smt
153.0,-85.75,0.0,top,C13,,,C_0603_1608Metric,100n,smt
147.5,-101.75,0.0,top,C14,,,C_0603_1608Metric,100n,smt
150.75,-102.75,90.0,top,C15,,,C_0603_1608Metric,1u,smt
132.75,-112.0,90.0,top,C17,,,C_0603_1608Metric,100p,smt
141.225,-105.5,180.0,top,C18,,,C_0603_1608Metric,10n,smt
137.6,-112.0,0.0,top,C19,,,C_0603_1608Metric,100p,smt
107.75,-83.25,0.0,top,C2,1276-3148-1-ND,,C_0805_2012Metric,22u,smt
148.525,-112.0,0.0,top,C28,,,C_0603_1608Metric,100p,smt
106.75,-95.0,-90.0,top,C3,,,C_0603_1608Metric,1u,smt
145.1,-117.5,0.0,top,C30,,,C_0603_1608Metric,1u,smt
145.1,-115.75,180.0,top,C31,,,C_0603_1608Metric,100p,smt
150.5,-96.0,90.0,top,C4,,,C_0603_1608Metric,100n,smt
152.5,-95.75,-90.0,top,C5,1276-3148-1-ND,,C_0805_2012Metric,22u,smt
141.4375,-96.0,90.0,top,C6,,,C_0603_1608Metric,10p,smt
141.225,-102.5,180.0,top,C7,,,C_0603_1608Metric,100n,smt
141.225,-101.0,180.0,top,C8,,,C_0603_1608Metric,100n,smt
123.425,-106.25,0.0,top,C9,,,C_0603_1608Metric,100n,smt
117.75,-87.25,0.0,top,D1,160-1479-1-ND,,LED_0603_1608Metric_Pad1.05x0.95mm_HandSolder,Red,smt
158.25,-91.0,90.0,top,D2,754-APT1608SGD3CT-ND,,LED_0603_1608Metric_Pad1.05x0.95mm_HandSolder,Green,smt
160.0,-91.0,90.0,top,D3,160-1479-1-ND,,LED_0603_1608Metric_Pad1.05x0.95mm_HandSolder,Red,smt
105.575,-105.75,0.0,top,D4,160-1437-1-ND,,LED_0603_1608Metric_Pad1.05x0.95mm_HandSolder,Yellow,smt
105.575,-104.0,0.0,top,D5,160-1437-1-ND,,LED_0603_1608Metric_Pad1.05x0.95mm_HandSolder,Yellow,smt
105.575,-102.25,0.0,top,D6,160-1437-1-ND,,LED_0603_1608Metric_Pad1.05x0.95mm_HandSolder,Yellow,smt
117.75,-90.5,180.0,top,D7,160-LTST-T180UWETCT-ND,,LED_0603_1608Metric_Pad1.05x0.95mm_HandSolder,White,smt
103.5,-122.75,0.0,top,H1,-,,MountingHole_2.7mm_M2.5_DIN965,MountingHole,tht
161.5,-122.75,0.0,top,H2,-,,MountingHole_2.7mm_M2.5_DIN965,MountingHole,tht
161.5,-73.5,0.0,top,H3,-,,MountingHole_2.7mm_M2.5_DIN965,MountingHole,tht
103.5,-73.5,0.0,top,H4,-,,MountingHole_2.7mm_M2.5_DIN965,MountingHole,tht
132.482,-103.0,180.0,top,IC1,SX1255IWLTRT,,QFN50P500X500X80-33N-D,SX1255,smt
109.25,-112.0,0.0,top,J1,343-CONMHF1-SMD-G-TCT-ND,,U.FL,U.FL,smt
161.1,-112.0,180.0,top,J2,343-CONMHF1-SMD-G-TCT-ND,,U.FL,U.FL,smt
108.37,-74.77,-90.0,bottom,J3,-,,PinSocket_2x20_P2.54mm_Vertical,RPi,tht
148.525,-86.0,-90.0,top,J4,,,PinHeader_1x02_P2.54mm_Vertical,WP,tht
150.75,-99.75,180.0,top,JP1,,,SolderJumper-2_P1.3mm_Open_RoundedPad1.0x1.5mm,With/Without U3,tht
106.75,-79.5,-90.0,top,L1,490-1046-1-ND,,L_0805_2012Metric,600 ohm/100MHz,smt
126.25,-114.25,90.0,top,L2,,,L_0603_1608Metric,82n,smt
125.5,-112.0,0.0,top,L3,,,L_0603_1608Metric,39n,smt
145.85,-112.75,90.0,top,L4,,,L_0603_1608Metric,68nH,smt
147.75,-104.5,180.0,top,Q1,3372-BSS84TR-ND,,SOT-23,BSS84,smt
142.9375,-96.0,90.0,top,R1,,,R_0603_1608Metric,10K,smt
147.75,-82.25,0.0,top,R10,,,R_0603_1608Metric,1K,smt
130.175,-79.25,180.0,top,R11,,,R_0603_1608Metric,1M,smt
130.175,-81.0,180.0,top,R12,,,R_0603_1608Metric,330R,smt
130.175,-84.25,180.0,top,R13,,,R_0603_1608Metric,1M,smt
137.75,-94.175,-90.0,top,R14,,,R_0603_1608Metric,33R,smt
147.75,-80.75,0.0,top,R15,,,R_0603_1608Metric,3K3,smt
136.25,-94.175,-90.0,top,R16,,,R_0603_1608Metric,33R,smt
134.75,-94.175,-90.0,top,R17,,,R_0603_1608Metric,330R,smt
133.25,-94.175,-90.0,top,R18,,,R_0603_1608Metric,330R,smt
131.75,-94.175,-90.0,top,R19,,,R_0603_1608Metric,330R,smt
148.0,-92.0,90.0,top,R2,,,R_0603_1608Metric,0R,smt
130.25,-94.175,-90.0,top,R20,,,R_0603_1608Metric,33R,smt
123.425,-98.75,0.0,top,R21,,,R_0603_1608Metric,330R,smt
123.425,-100.25,0.0,top,R22,,,R_0603_1608Metric,33R,smt
123.425,-101.75,0.0,top,R23,,,R_0603_1608Metric,330R,smt
123.425,-103.25,0.0,top,R24,,,R_0603_1608Metric,330R,smt
117.5,-101.75,90.0,top,R25,,,R_0603_1608Metric,10K,smt
113.75,-112.75,90.0,top,R26,,,R_0603_1608Metric,1M,smt
157.6,-112.75,90.0,top,R27,,,R_0603_1608Metric,1M,smt
123.425,-104.75,0.0,top,R28,,,R_0603_1608Metric,33R,smt
140.1,-111.25,90.0,top,R29,541-0.0GCT-ND,,R_0603_1608Metric,0R,smt
137.75,-103.5,90.0,top,R3,,,R_0603_1608Metric,1R,smt
153.25,-105.5,180.0,top,R30,,,R_0603_1608Metric,330R,smt
153.25,-103.5,0.0,top,R31,,,R_0603_1608Metric,1R,smt
150.85,-111.25,90.0,top,R32,541-0.0GCT-ND,,R_0603_1608Metric,0R,smt
121.0,-87.25,180.0,top,R33,,,R_0603_1608Metric,1K5,smt
158.25,-87.5,90.0,top,R34,541-1.00KHCT-ND,,R_0603_1608Metric,1K,smt
160.0,-87.5,90.0,top,R35,541-330HCT-ND,,R_0603_1608Metric,330R,smt
108.825,-105.75,0.0,top,R36,,,R_0603_1608Metric,1K5,smt
108.825,-104.0,0.0,top,R37,,,R_0603_1608Metric,1K5,smt
108.825,-102.25,0.0,top,R38,,,R_0603_1608Metric,3K3,smt
116.75,-93.25,-90.0,top,R39,,,R_0603_1608Metric,3K3,smt
127.0,-94.175,-90.0,top,R4,,,R_0603_1608Metric,1R,smt
118.75,-81.0,180.0,top,R5,,,R_0603_1608Metric,330R,smt
125.0,-85.0,0.0,top,R6,,,R_0603_1608Metric,330R,smt
118.75,-82.75,180.0,top,R7,,,R_0603_1608Metric,0R,smt
130.175,-82.5,180.0,top,R8,,,R_0603_1608Metric,330R,smt
147.75,-79.25,0.0,top,R9,,,R_0603_1608Metric,3K3,smt
109.9,-88.8,0.0,top,U1,MCP1703T-3302E/DBCT-ND,,SOT-223-3_TabPin2,MCP1703Ax-330xxDB,smt
154.775,-81.25,180.0,top,U2,24LC256-I/SN-ND,,SOIC-8_3.9x4.9mm_P1.27mm,24LC256,smt
124.25,-82.25,0.0,top,U3,1727-5983-1-ND,TSSOP8-8 Nexperia USA Inc.,SOP65P400X110-8N,74LVC1G74DP_125,smt
142.6,-112.25,0.0,top,U4,2312-TQP3M9036CT-ND,DFN-8 Qorvo,SON50P200X200X95-9N,TQP3M9036,smt
112.15,-98.0,-90.0,top,U5,,,SOT-23-6_Handsoldering,SRV05-4,smt
118.35,-111.98,0.0,top,X1,,,Filter_SAW-6_3.8x3.8mm,TA0655A,smt
154.15,-111.95,0.0,top,X2,,,Filter_SAW_Epcos_DCC6C_3x3mm,TA2490A,smt
146.9,-95.85,180.0,top,Y1,114-TG2520SMN38.4000M-MCGNNM3CT-ND,,Crystal_SMD_3225-4Pin_3.2x2.5mm,38.4MHz,smt
